"outcome","input","quant"
6.06310460406683,0,0.05
9.30720172719137,0,0.25
11.8362104776569,0,0.5
15.2774633334311,0,0.75
21.1103862187526,0,0.95
6.19428679568128,1,0.05
9.52063587650477,1,0.25
12.0498906961691,1,0.5
15.5226908438089,1,0.75
21.3745582563048,1,0.95
