"outcome","input","quant"
14.4137356846897,0,0.05
17.6839339654146,0,0.25
20.1976875638732,0,0.5
28.3025781908577,0,0.75
41.6361925632781,0,0.95
14.3999251132941,1,0.05
17.7251761284943,1,0.25
20.2387796311046,1,0.5
28.4000577490975,1,0.75
41.7168898533227,1,0.95
