"outcome","input","quant"
40.5452520222332,0,0.05
50.3710282623939,0,0.25
54.9526387048531,0,0.5
60.1420990287331,0,0.75
67.6293857657727,0,0.95
40.6840543195614,1,0.05
50.5050754077421,1,0.25
55.0687049055056,1,0.5
60.2625270882486,1,0.75
67.7340652910181,1,0.95
