"outcome","input","quant"
0,1,0.05
0,1,0.25
0,1,0.5
0,1,0.75
0,1,0.95
0,2,0.05
0,2,0.25
0,2,0.5
0,2,0.75
0,2,0.95
0,3,0.05
0,3,0.25
0,3,0.5
0,3,0.75
0,3,0.95
0,5,0.05
0,5,0.25
0,5,0.5
0,5,0.75
0,5,0.95
0,6,0.05
0,6,0.25
0,6,0.5
0,6,0.75
0,6,0.95
0,7,0.05
0,7,0.25
0,7,0.5
0.4314962,7,0.75
0.4314962,7,0.95
0,8,0.05
0,8,0.25
0,8,0.5
0,8,0.75
0,8,0.95
0,9,0.05
0,9,0.25
0,9,0.5
0,9,0.75
0,9,0.95
0,11,0.05
0,11,0.25
0,11,0.5
0,11,0.75
0,11,0.95
0,12,0.05
0,12,0.25
0,12,0.5
0,12,0.75
0,12,0.95
0,13,0.05
0,13,0.25
0,13,0.5
0,13,0.75
0,13,0.95
0,14,0.05
0,14,0.25
0,14,0.5
0,14,0.75
0,14,0.95
0,15,0.05
0,15,0.25
0,15,0.5
0,15,0.75
0,15,0.95
0,16,0.05
0,16,0.25
0,16,0.5
0,16,0.75
0,16,0.95
0,17,0.05
0,17,0.25
0,17,0.5
0,17,0.75
0,17,0.95
0,18,0.05
0,18,0.25
0,18,0.5
0,18,0.75
0,18,0.95
0,19,0.05
0,19,0.25
0,19,0.5
0,19,0.75
0,19,0.95
