"outcome","input","quant"
0.136320815136041,0,0.05
1.13489992782311,0,0.25
2.03968567503253,0,0.5
3.34595821745406,0,0.75
5.46793896796185,0,0.95
0.125732595285959,1,0.05
1.10697470703022,1,0.25
2.01605811748366,1,0.5
3.32281845778058,1,0.75
5.42986341402374,1,0.95
