"outcome","input","quant"
0.076980284491514,0,0.05
0.0993520010058438,0,0.25
0.118033889871701,0,0.5
0.144008547413239,0,0.75
0.170999909950658,0,0.95
0.0798700707708117,1,0.05
0.102448673660928,1,0.25
0.120675174680555,1,0.5
0.146942678506969,1,0.75
0.173292010601571,1,0.95
