"outcome","input","quant"
0.472691327447801,0,0.05
0.540537539697947,0,0.25
0.560087974819811,0,0.5
0.612192494237213,0,0.75
0.645410387811789,0,0.95
0.472691327447801,1,0.05
0.540537539697947,1,0.25
0.560087974819811,1,0.5
0.612192494237213,1,0.75
0.645410387811789,1,0.95
