"outcome","input","quant"
40.9152182459141,0,0.05
50.2325757904466,0,0.25
54.9356851084274,0,0.5
60.0427435884081,0,0.75
67.7274998793955,0,0.95
40.9152182459141,1,0.05
50.2325757904466,1,0.25
54.9356851084274,1,0.5
60.0427435884081,1,0.75
67.7274998793955,1,0.95
