"outcome","input","quant"
4.71065329061662,0,0.05
15.2978426944383,0,0.25
18.9835297169819,0,0.5
21.268458509003,0,0.75
24.7842541301187,0,0.95
4.71065329061662,1,0.05
15.2978426944383,1,0.25
18.9835297169819,1,0.5
21.268458509003,1,0.75
24.7842541301187,1,0.95
