"outcome","input","quant"
0.076980284491514,0,0.05
0.0994054835139152,0,0.25
0.118033889871701,0,0.5
0.144008547413239,0,0.75
0.170999909950658,0,0.95
0.076980284491514,1,0.05
0.0994054835139152,1,0.25
0.118033889871701,1,0.5
0.144008547413239,1,0.75
0.170999909950658,1,0.95
